<?xml version="1.0"?>
<doc>
    <assembly>
        <name>ThomsonReuters.Eikon.Integration</name>
    </assembly>
    <members>
        <member name="T:ThomsonReuters.Eikon.Integration.BuiltInCommand">
            <summary>
            Predifined desktop command ids
            </summary>
        </member>
        <member name="T:ThomsonReuters.Eikon.Integration.IMenu">
            <summary>
            Provides "callbacks" for desktop menus integration
            </summary>
        </member>
        <member name="M:ThomsonReuters.Eikon.Integration.IMenu.OnDisplayAppMenu(System.Action{ThomsonReuters.Eikon.Integration.IMenuBuilder})">
            <summary>
            Called when App menu must be filled
            </summary>
            <param name="builder"></param>
        </member>
        <member name="M:ThomsonReuters.Eikon.Integration.IMenu.OnDisplayContextMenu(System.Action{ThomsonReuters.Eikon.Integration.IMenuBuilder})">
            <summary>
            Called when contextual App menu must be filled
            </summary>
            <param name="builder"></param>
        </member>
        <member name="T:ThomsonReuters.Eikon.Integration.IMenuBuilder">
            <summary>
            Builder used for desktop menus integration
            </summary>
        </member>
        <member name="M:ThomsonReuters.Eikon.Integration.IMenuBuilder.AppendCustomMenuItem(ThomsonReuters.Eikon.Integration.UserMenuItemBase)">
            <summary>
            Appends a custom menu item
            </summary>
            <param name="menuItem"></param>
            <returns></returns>
        </member>
        <member name="M:ThomsonReuters.Eikon.Integration.IMenuBuilder.HideBuiltInMenuItem(ThomsonReuters.Eikon.Integration.BuiltInCommand)">
            <summary>
            Hide a built in (desktop predefined) menu item
            </summary>
            <param name="command"></param>
            <returns></returns>
        </member>
        <member name="M:ThomsonReuters.Eikon.Integration.IMenuBuilder.DisableBuiltInMenuItem(ThomsonReuters.Eikon.Integration.BuiltInCommand)">
            <summary>
            Disable a built in (desktop predefined) menu item
            </summary>
            <param name="command"></param>
            <returns></returns>
        </member>
        <member name="T:ThomsonReuters.Eikon.Integration.SeparatorItem">
            <summary>
            Provides empty implementation for Separator menu item.
            </summary>
        </member>
        <member name="T:ThomsonReuters.Eikon.Integration.UserMenuItemBase">
            <summary>
            Generic class for menu items
            </summary>
        </member>
        <member name="M:ThomsonReuters.Eikon.Integration.SeparatorItem.#ctor">
            <summary>
            Creates a separator menu item
            </summary>
        </member>
        <member name="T:ThomsonReuters.Eikon.Integration.UserMenuItem">
            <summary>
            Provides empty implementation for application menu item.
            </summary>
        </member>
        <member name="M:ThomsonReuters.Eikon.Integration.UserMenuItem.#ctor(System.String)">
            <summary>
            Constructor
            </summary>
            <param name="text">Displayed text</param>
        </member>
        <member name="P:ThomsonReuters.Eikon.Integration.UserMenuItem.Click">
            <summary>
            Click event property
            </summary>
        </member>
        <member name="P:ThomsonReuters.Eikon.Integration.UserMenuItem.IsEnabled">
            <summary>
            Allow you to enable/disable the menu item
            Default value is true.
            </summary>
        </member>
        <member name="P:ThomsonReuters.Eikon.Integration.UserMenuItem.IsChecked">
            <summary>
            Allow you to check/uncheck the menu item
            Default value is false.
            </summary>
        </member>
        <member name="P:ThomsonReuters.Eikon.Integration.UserMenuItem.Text">
            <summary>
            Menu item caption
            </summary>
        </member>
        <member name="P:ThomsonReuters.Eikon.Integration.UserMenuItem.Tag">
            <summary>
            Menu item tag
            </summary>
        </member>
        <member name="P:ThomsonReuters.Eikon.Integration.UserMenuItem.Items">
            <summary>
            List of child menu items
            </summary>
        </member>
        <member name="T:ThomsonReuters.Eikon.Integration.ContextEntity">
            <summary>
            Context entity such as RIC
            </summary>
        </member>
        <member name="P:ThomsonReuters.Eikon.Integration.ContextEntity.Identifier">
            <summary>
            Gets or sets the entity identifier, usually an instrument identifier such as a RIC.
            </summary>
        </member>
        <member name="P:ThomsonReuters.Eikon.Integration.ContextEntity.Feed">
            <summary>
            Gets or sets the data feed.
            </summary>
        </member>
        <member name="P:ThomsonReuters.Eikon.Integration.ContextEntity.IsSelected">
            <summary>
            When a context is composed of multiple entities, setting IsSelected to true indicates the selected entity.
            </summary>
        </member>
        <member name="T:ThomsonReuters.Eikon.Integration.EikonAppStart">
            <summary>
            The main control of the application must be marked with this attribute.
            </summary>
        </member>
        <member name="P:ThomsonReuters.Eikon.Integration.EikonAppStart.AppPreferencesClass">
            <summary>
            Gets or sets the app preferences class.
            This class is to be used through the <see cref="T:ThomsonReuters.Eikon.Integration.IPreferencesStore"/> interface.
            </summary>
        </member>
        <member name="T:ThomsonReuters.Eikon.Integration.ClosingEventArgs">
            <summary>
            Event args for closing event
            </summary>
        </member>
        <member name="T:ThomsonReuters.Eikon.Integration.IAppHost">
            <summary>
            Primary interface to interact with the Eikon desktop
            </summary>
        </member>
        <member name="M:ThomsonReuters.Eikon.Integration.IAppHost.OnSave(System.Action{System.Xml.XmlWriter})">
            <summary>
            Called when the App must serialize its state,
            for example when a workspace is closed.
            This state is persisted by Eikon and reused 
            when the App is instanciated again in the same workspace.
            </summary>
        </member>
        <member name="E:ThomsonReuters.Eikon.Integration.IAppHost.Closing">
            <summary>
            Occurs when the App is going to be closed. 
            Handlers can typically stop realtime subscriptions,
            cancel http requests and dispose resources.
            </summary>
        </member>
        <member name="P:ThomsonReuters.Eikon.Integration.IAppHost.ContextService">
            <summary>
            Provides access to Navigation features. 
            This includes opening an App with a specific context 
            or handling context changes.
            </summary>
        </member>
        <member name="P:ThomsonReuters.Eikon.Integration.IAppHost.CommandLine">
            <summary>
            Provides access to App command line features
            </summary>
        </member>
        <member name="P:ThomsonReuters.Eikon.Integration.IAppHost.Environment">
            <summary>
            Provides access to product-wide settings
            </summary>
        </member>
        <member name="P:ThomsonReuters.Eikon.Integration.IAppHost.UserInterface">
            <summary>
            Provides access to App UI state management
            </summary>
        </member>
        <member name="P:ThomsonReuters.Eikon.Integration.IAppHost.Menu">
            <summary>
            Provides access to App Menu features
            </summary>
        </member>
        <member name="P:ThomsonReuters.Eikon.Integration.IAppHost.Storage">
            <summary>
            Provides access to App storage
            </summary>
        </member>
        <member name="P:ThomsonReuters.Eikon.Integration.IAppHost.PreferencesStore">
            <summary>
            Provides access to App preferences
            </summary>
        </member>
        <member name="T:ThomsonReuters.Eikon.Integration.CommandLineTextChangedEventArgs">
            <summary>
            Event args for command line text changed event
            </summary>
        </member>
        <member name="M:ThomsonReuters.Eikon.Integration.CommandLineTextChangedEventArgs.#ctor(System.String)">
            <summary>
            
            </summary>
            <param name="text"></param>
        </member>
        <member name="M:ThomsonReuters.Eikon.Integration.CommandLineTextChangedEventArgs.#ctor(System.String,System.String)">
            <summary>
            
            </summary>
            <param name="text"></param>
            <param name="feed"></param>
        </member>
        <member name="P:ThomsonReuters.Eikon.Integration.CommandLineTextChangedEventArgs.Text">
            <summary>
            Text in command line
            </summary>
        </member>
        <member name="P:ThomsonReuters.Eikon.Integration.CommandLineTextChangedEventArgs.Feed">
            <summary>
            Feed in command line
            </summary>
        </member>
        <member name="T:ThomsonReuters.Eikon.Integration.ICommandLine">
            <summary>
            Interface to interact with the command line
            </summary>
        </member>
        <member name="M:ThomsonReuters.Eikon.Integration.ICommandLine.Enable">
            <summary>
            Enables and shows the command line, which is by default disabled and hidden.
            </summary>
        </member>
        <member name="P:ThomsonReuters.Eikon.Integration.ICommandLine.Text">
            <summary>
            Gets or sets the command line text.
            </summary>
        </member>
        <member name="P:ThomsonReuters.Eikon.Integration.ICommandLine.Feed">
            <summary>
            Gets or sets the data feed.
            </summary>
        </member>
        <member name="E:ThomsonReuters.Eikon.Integration.ICommandLine.TextChanged">
            <summary>
            Occurs when the command line text is changed.
            </summary>
        </member>
        <member name="T:ThomsonReuters.Eikon.Integration.IContext">
            <summary>
            Interface to publish and subscribe contexts with Eikon
            </summary>
        </member>
        <member name="M:ThomsonReuters.Eikon.Integration.IContext.WithName(System.String)">
            <summary>
            Sets the name of navigation context, e.g. "Quote".
            </summary>
            <param name="contextName"></param>
            <returns></returns>
        </member>
        <member name="M:ThomsonReuters.Eikon.Integration.IContext.AddIdentifier(System.String,System.String)">
            <summary>
            Adds an Identifier as a new entity to the context.
            </summary>
            <param name="identifier">Entity identifier, usually a RIC.</param>
            <param name="feed"></param>
            <returns></returns>
        </member>
        <member name="M:ThomsonReuters.Eikon.Integration.IContext.AddIdentifiers(System.Collections.Generic.IEnumerable{System.String},System.String)">
            <summary>
            Adds multiple Identifiers as entities to the context.
            </summary>
            <param name="identifiers"></param>
            <param name="feed"></param>
            <returns></returns>
        </member>
        <member name="M:ThomsonReuters.Eikon.Integration.IContext.IsSelected(System.Boolean)">
            <summary>
            When a context is composed of multiple entities, indicates that this entity is the selected one.
            </summary>
            <param name="selected"></param>
            <returns></returns>
        </member>
        <member name="P:ThomsonReuters.Eikon.Integration.IContext.Entities">
            <summary>
            Gets or sets the collection of entities that composes this context.
            </summary>
        </member>
        <member name="T:ThomsonReuters.Eikon.Integration.IContextService">
            <summary>
            Interface to publish and subscribe contexts
            </summary>
        </member>
        <member name="M:ThomsonReuters.Eikon.Integration.IContextService.Publish(System.String)">
            <summary>
            Publishes a context composed of a single entity.
            </summary>
            <param name="identifier">Entity identifier, usuallys a RIC.</param>
        </member>
        <member name="M:ThomsonReuters.Eikon.Integration.IContextService.Publish(ThomsonReuters.Eikon.Integration.IContext)">
            <summary>
            Publishes a context using an existing context.
            </summary>
            <param name="context">The context.</param>
        </member>
        <member name="M:ThomsonReuters.Eikon.Integration.IContextService.Publish(System.Action{ThomsonReuters.Eikon.Integration.IContext})">
            <summary>
            Publishes a context using a context built on the fly.
            </summary>
            <param name="context">Action that provides an empty context to be populated.</param>
        </member>
        <member name="M:ThomsonReuters.Eikon.Integration.IContextService.PublishEmpty">
            <summary>
            Publishes an empty context, meaning that valid context currently
            exists. Following this call, features that depend on a context
            such as context menu are disabled.
            </summary>
        </member>
        <member name="M:ThomsonReuters.Eikon.Integration.IContextService.Subscribe(System.Action{ThomsonReuters.Eikon.Integration.IContext})">
            <summary>
            Setup a callback for receiving context changes.
            </summary>
            <param name="newContext">Callback that will recieve updated context.</param>
        </member>
        <member name="M:ThomsonReuters.Eikon.Integration.IContextService.OpenNewsMonitor(System.String)">
            <summary>
            Opens News App with a specific context.
            </summary>
            <param name="identifier">Can be for example a RIC or complex News search expression.</param>
        </member>
        <member name="M:ThomsonReuters.Eikon.Integration.IContextService.OpenQuote(System.String)">
            <summary>
            Opens a Quote App.
            </summary>
            <param name="identifier">Instrument identifier.</param>
        </member>
        <member name="M:ThomsonReuters.Eikon.Integration.IContextService.OpenQuoteList(System.Collections.Generic.IEnumerable{System.String})">
            <summary>
            Opens a Quote List App.
            </summary>
            <param name="identifiers">Instrument identifiers as collection of rics.</param>
        </member>
        <member name="M:ThomsonReuters.Eikon.Integration.IContextService.OpenQuoteList(System.String[])">
            <summary>
            Opens a Quote List App.
            </summary>
            <param name="identifiers">Instrument identifiers.</param>
        </member>
        <member name="M:ThomsonReuters.Eikon.Integration.IContextService.OpenChart(System.String)">
            <summary>
            Opens Chart App.
            </summary>
            <param name="identifier">Instrument identifier.</param>
        </member>
        <member name="M:ThomsonReuters.Eikon.Integration.IContextService.OpenUrl(System.String)">
            <summary>
            Opens an Eikon Browser.
            </summary>
            <param name="commonPlatformUrl">URL to opn. URL can start with "cpurl://" </param>
        </member>
        <member name="M:ThomsonReuters.Eikon.Integration.IContextService.OpenApp(System.String,System.String)">
            <summary>
            Opens a App.
            </summary>
            <param name="appName">Name of the App, for example "Quote".</param>
            <param name="identifier">Instrument identifier.</param>
        </member>
        <member name="M:ThomsonReuters.Eikon.Integration.IContextService.OpenApp(System.Action{ThomsonReuters.Eikon.Integration.IContext})">
            <summary>
            Opens a App and provides it with a complex context.
            </summary>
            <param name="context">Action used to build a context. The built context is passed to the opened App.</param>
        </member>
        <member name="M:ThomsonReuters.Eikon.Integration.IContextService.OpenApp(ThomsonReuters.Eikon.Integration.IContext)">
            <summary>
            Opens a App and provides it with a complex context.
            </summary>
            <param name="context">Context passed to the opened App.</param>
        </member>
        <member name="M:ThomsonReuters.Eikon.Integration.IContextService.CreateContext(System.String)">
            <summary>
            Craetes a context.
            </summary>
            <param name="appName">Name of the App. When used with OpenApp methods, this parameter specifies the target App name.</param>
        </member>
        <member name="T:ThomsonReuters.Eikon.Integration.IProductEnvironment">
            <summary>
            Provides Eikon environment settings
            </summary>
        </member>
        <member name="P:ThomsonReuters.Eikon.Integration.IProductEnvironment.Locale">
            <summary>
            Product locale id
            </summary>
        </member>
        <member name="P:ThomsonReuters.Eikon.Integration.IProductEnvironment.UserId">
            <summary>
            User Id
            </summary>
        </member>
        <member name="T:ThomsonReuters.Eikon.Integration.IPreferencesStore">
            <summary>
            The access point for application preferences. Offers APIs to read/write settings to the store.
            The settings are to be store in the class registered in the <see cref="T:ThomsonReuters.Eikon.Integration.EikonAppStart"/> attribute.
            Serialization is based on <see cref="T:System.Runtime.Serialization.XmlObjectSerializer"/>
            </summary>
        </member>
        <member name="M:ThomsonReuters.Eikon.Integration.IPreferencesStore.GetPreferences">
            <summary>
            Gets a reference to the preferences object. This object is valid and its properties populated only when <see cref="P:ThomsonReuters.Eikon.Integration.IPreferencesStore.CanRead"/> is true.
            The type of the object is the one registered in <see cref="T:ThomsonReuters.Eikon.Integration.EikonAppStart"/>.
            </summary>
            <exception cref="T:ThomsonReuters.Eikon.Integration.AppPreferencesException">
            This exception will be thrown when accessing the preferences if no class is registered in <see cref="T:ThomsonReuters.Eikon.Integration.EikonAppStart"/> or if the preferences store is not ready.
            </exception>
            <returns>
            The preferences object.
            </returns>
        </member>
        <member name="M:ThomsonReuters.Eikon.Integration.IPreferencesStore.SavePreferences">
            <summary>
            Saves the current state of the preferences object to the storage backend. You need to wait for <see cref="P:ThomsonReuters.Eikon.Integration.IPreferencesStore.CanWrite"/> to be true before saving the preferences.
            </summary>
            <exception cref="T:ThomsonReuters.Eikon.Integration.AppPreferencesException">
            This exception will be thrown when accessing the preferences if no class is registered in <see cref="T:ThomsonReuters.Eikon.Integration.EikonAppStart"/> or if the preferences store is not ready.
            </exception>
        </member>
        <member name="M:ThomsonReuters.Eikon.Integration.IPreferencesStore.SavePreferences(System.Action{ThomsonReuters.Eikon.Integration.SaveResult})">
            <summary>
            Saves the current state of the preferences object to the storage backend, in an asynchronous fashion. You need to wait for <see cref="P:ThomsonReuters.Eikon.Integration.IPreferencesStore.CanWrite"/> to be true before saving the preferences.
            </summary>
            <param name="continuation">
            The continuation action that will be run after the save operation finishes. This will be run by a separate task.
            </param>
            <exception cref="T:ThomsonReuters.Eikon.Integration.AppPreferencesException">
            This exception will be thrown when accessing the preferences if no class is registered in <see cref="T:ThomsonReuters.Eikon.Integration.EikonAppStart"/> or if the preferences store is not ready.
            </exception>
        </member>
        <member name="M:ThomsonReuters.Eikon.Integration.IPreferencesStore.GetLastError">
            <summary>
            Returns the last error that happened with this store instance. This might be null if no error ever happened.
            </summary>
            <returns>
            The <see cref="T:ThomsonReuters.Eikon.Integration.ErrorEventArgs"/>.
            </returns>
        </member>
        <member name="E:ThomsonReuters.Eikon.Integration.IPreferencesStore.CanReadChanged">
            <summary>
            This event is triggered when the availability changes for reading the preferences.
            </summary>
        </member>
        <member name="E:ThomsonReuters.Eikon.Integration.IPreferencesStore.CanWriteChanged">
            <summary>
            This event is triggered when the availability changes for writing the preferences.
            </summary>
        </member>
        <member name="E:ThomsonReuters.Eikon.Integration.IPreferencesStore.Error">
            <summary>
            This event is triggered if an error happens in the retrieval or the processing of the preferences from the backend.
            </summary>
        </member>
        <member name="P:ThomsonReuters.Eikon.Integration.IPreferencesStore.CanRead">
            <summary>
            Gets or sets a value indicating whether the preferences are available for read operations.
            </summary>
        </member>
        <member name="P:ThomsonReuters.Eikon.Integration.IPreferencesStore.CanWrite">
            <summary>
            Gets or sets a value indicating whether the preferences are available for write operations.
            </summary>
        </member>
        <member name="T:ThomsonReuters.Eikon.Integration.AppPreferencesException">
            <summary>
            Exception class used for app preferences.
            </summary>
        </member>
        <member name="M:ThomsonReuters.Eikon.Integration.AppPreferencesException.#ctor(System.String)">
            <summary>
            Initializes a new instance of the <see cref="T:ThomsonReuters.Eikon.Integration.AppPreferencesException"/> class.
            </summary>
            <param name="message">
            The message.
            </param>
        </member>
        <member name="T:ThomsonReuters.Eikon.Integration.ErrorEventArgs">
            <summary>
            Event data for <see cref="E:ThomsonReuters.Eikon.Integration.IPreferencesStore.Error"/>.
            </summary>
        </member>
        <member name="P:ThomsonReuters.Eikon.Integration.ErrorEventArgs.ErrorMessage">
            <summary>
            Gets or sets the error message.
            </summary>
        </member>
        <member name="T:ThomsonReuters.Eikon.Integration.AvailabilityChangedEventArgs">
            <summary>
            Event data for <see cref="E:ThomsonReuters.Eikon.Integration.IPreferencesStore.CanReadChanged"/>, <see cref="E:ThomsonReuters.Eikon.Integration.IPreferencesStore.CanWriteChanged"/>, <see cref="E:ThomsonReuters.Eikon.Integration.IStorage.CanWriteChanged"/>.
            </summary>
        </member>
        <member name="P:ThomsonReuters.Eikon.Integration.AvailabilityChangedEventArgs.Availability">
            <summary>
            Gets or sets a value indicating whether the availability of the event origin.
            </summary>
        </member>
        <member name="T:ThomsonReuters.Eikon.Integration.SaveResult">
            <summary>
            Arguments passed to <see cref="M:ThomsonReuters.Eikon.Integration.IPreferencesStore.SavePreferences"/>'s continuation.
            </summary>
        </member>
        <member name="P:ThomsonReuters.Eikon.Integration.SaveResult.Succeeded">
            <summary>
            Gets or sets a value indicating whether the save operation succeeded.
            </summary>
        </member>
        <member name="P:ThomsonReuters.Eikon.Integration.SaveResult.ErrorMessage">
            <summary>
            Gets or sets the error message.
            </summary>
        </member>
        <member name="T:ThomsonReuters.Eikon.Integration.AppPreferences">
            <summary>
            Base class for app preferences. See <see cref="M:ThomsonReuters.Eikon.Integration.IPreferencesStore.GetPreferences"/>.
            </summary>
        </member>
        <member name="T:ThomsonReuters.Eikon.Integration.IStorage">
            <summary>
            This interface is used to read/write to application storage.
            Read operations are cached but need to perform web services calls if the cache empty or outdated.
            Write operations will be batched if possible.
            </summary>
        </member>
        <member name="M:ThomsonReuters.Eikon.Integration.IStorage.Write(System.Collections.Generic.IDictionary{System.String,System.Byte[]})">
            <summary>
            Writes a set of data to the storage in batch.
            </summary>
            <param name="data">
            The data to write.
            </param>
        </member>
        <member name="M:ThomsonReuters.Eikon.Integration.IStorage.Write(System.String,System.Byte[])">
            <summary>
            Writes a single data to the storage.
            </summary>
            <param name="key">
            The key to write to.
            </param>
            <param name="data">
            The data to write.
            </param>
        </member>
        <member name="M:ThomsonReuters.Eikon.Integration.IStorage.Write(System.Collections.Generic.IDictionary{System.String,System.Byte[]},System.Action{ThomsonReuters.Eikon.Integration.IoResult})">
            <summary>
            Asynchronously writes a set of data to the storage in a batched fashion.
            The local storage is NOT up-to-date when returning from this call, only when the callback is triggered.
            <see cref="T:ThomsonReuters.Eikon.Integration.IoResult"/>.
            </summary>
            <param name="data">
            The data to write.
            </param>
            <param name="continuation">
            The continuation action that will be run after the operation finishes. This will be run by a separate task.
            </param>
        </member>
        <member name="M:ThomsonReuters.Eikon.Integration.IStorage.Write(System.String,System.Byte[],System.Action{ThomsonReuters.Eikon.Integration.IoResult})">
            <summary>
            Asynchronously writes a single data to the storage.
            The local storage is NOT up-to-date when returning from this call, only when the callback is triggered.
            <see cref="T:ThomsonReuters.Eikon.Integration.IoResult"/>.
            </summary>
            <param name="key">
            The key to write to.
            </param>
            <param name="data">
            The data to write.
            </param>
            <param name="continuation">
            The continuation action that will be run after the operation finishes. This will be run by a separate task.
            </param>
        </member>
        <member name="M:ThomsonReuters.Eikon.Integration.IStorage.Load(System.Collections.Generic.IList{System.String})">
            <summary>
            Loads into memory a batch of data from cache if available, from remote storage otherwise. It can then be read using the [] operator.
            </summary>
            <param name="keys">
            The keys.
            </param>
        </member>
        <member name="M:ThomsonReuters.Eikon.Integration.IStorage.Load(System.String)">
            <summary>
            Loads data into memory from cache if available, from remote storage otherwise. It can then be read using the [] operator.
            </summary>
            <param name="key">
            The key to retrieve.
            </param>
        </member>
        <member name="M:ThomsonReuters.Eikon.Integration.IStorage.Load(System.Collections.Generic.IList{System.String},System.Action{ThomsonReuters.Eikon.Integration.LoadResult})">
            <summary>
            Loads a set of data values in batch from cache if available, from remote storage otherwise, in an asynchronous fashion.
            <see cref="T:ThomsonReuters.Eikon.Integration.LoadResult"/>
            </summary>
            <param name="keys">
            The keys.
            </param>
            <param name="continuation">
            The continuation action that will be run after the operation finishes. This will be run by a separate task.
            </param>
        </member>
        <member name="M:ThomsonReuters.Eikon.Integration.IStorage.Load(System.String,System.Action{ThomsonReuters.Eikon.Integration.LoadResult})">
            <summary>
            Loads a set of data values in batch from cache if available, from remote storage otherwise, in an asynchronous fashion.
            <see cref="T:ThomsonReuters.Eikon.Integration.LoadResult"/>
            </summary>
            <param name="key">
            The key to retrieve.
            </param>
            <param name="continuation">
            The continuation action that will be run after the operation finishes. This will be run by a separate task.
            </param>
        </member>
        <member name="M:ThomsonReuters.Eikon.Integration.IStorage.Delete(System.Collections.Generic.IList{System.String})">
            <summary>
            Deletes a batch of files, locally AND remotely.
            These files will remain accessible to already started instances of the application.
            </summary>
            <param name="keys">
            The keys.
            </param>
        </member>
        <member name="M:ThomsonReuters.Eikon.Integration.IStorage.Delete(System.String)">
            <summary>
            Deletes a file, locally AND remotely.
            This file will remain accessible to already started instances of the application.
            </summary>
            <param name="key">
            The key to delete.
            </param>
        </member>
        <member name="M:ThomsonReuters.Eikon.Integration.IStorage.Delete(System.Collections.Generic.IList{System.String},System.Action{ThomsonReuters.Eikon.Integration.IoResult})">
            <summary>
            Deletes a batch of files, locally AND remotely, in an asynchronous fashion.
            These files will remain accessible to already started instances of the application.
            <see cref="T:ThomsonReuters.Eikon.Integration.IoResult"/>
            </summary>
            <param name="keys">
            The keys.
            </param>
            <param name="continuation">
            The continuation action that will be run after the operation finishes. This will be run by a separate task.
            </param>
        </member>
        <member name="M:ThomsonReuters.Eikon.Integration.IStorage.Delete(System.String,System.Action{ThomsonReuters.Eikon.Integration.IoResult})">
            <summary>
            Deletes a file, locally AND remotely, in an asynchronous fashion.
            This file will remain accessible to already started instances of the application.
            <see cref="T:ThomsonReuters.Eikon.Integration.IoResult"/>
            </summary>
            <param name="key">
            The key to delete.
            </param>
            <param name="continuation">
            The continuation action that will be run after the operation finishes. This will be run by a separate task.
            </param>
        </member>
        <member name="M:ThomsonReuters.Eikon.Integration.IStorage.GetQuotas">
            <summary>
            Queries the quotas from the storage backend.
            </summary>
            <returns>
            A <see cref="T:ThomsonReuters.Eikon.Integration.UserQuotas"/> structure, representing all relevant information for quotas management.
            </returns>
        </member>
        <member name="M:ThomsonReuters.Eikon.Integration.IStorage.GetQuotas(System.Action{ThomsonReuters.Eikon.Integration.GetQuotasResult})">
            <summary>
            Queries the quotas from the storage backend, in an asynchronous fashion.
            <see cref="T:ThomsonReuters.Eikon.Integration.GetQuotasResult"/>
            </summary>
            <param name="continuation">
            The continuation action that will be run after the operation finishes. This will be run by a separate task.
            </param>
        </member>
        <member name="M:ThomsonReuters.Eikon.Integration.IStorage.GetStorageEntries">
            <summary>
            Retrieves the list of existing storage entries.
            </summary>
            <returns>
            The list of storage entries, as existing on the storage backend.
            </returns>
        </member>
        <member name="M:ThomsonReuters.Eikon.Integration.IStorage.GetStorageEntries(System.Action{ThomsonReuters.Eikon.Integration.GetStorageEntriesResult})">
            <summary>
            Retrieves the list of existing storage entries, in an asynchronous fashion.
            </summary>
            <param name="continuation">
            The continuation action that will be run after the operation finishes. This will be run by a separate task.
            </param>
        </member>
        <member name="M:ThomsonReuters.Eikon.Integration.IStorage.GetLastError">
            <summary>
            Returns the last error that happened with this storage instance. This might be null if no error ever happened.
            </summary>
            <returns>
            The <see cref="T:ThomsonReuters.Eikon.Integration.ErrorEventArgs"/>.
            </returns>
        </member>
        <member name="E:ThomsonReuters.Eikon.Integration.IStorage.CanWriteChanged">
            <summary>
            This event is triggered when the availability changes for writing to the storage.
            </summary>
        </member>
        <member name="E:ThomsonReuters.Eikon.Integration.IStorage.Error">
            <summary>
            This event is triggered when the storage encounters an unexpected error and might malfunction.
            </summary>
        </member>
        <member name="P:ThomsonReuters.Eikon.Integration.IStorage.CanWrite">
            <summary>
            Gets a value indicating whether the storage is available for write operations.
            </summary>
        </member>
        <member name="P:ThomsonReuters.Eikon.Integration.IStorage.Item(System.String)">
            <summary>
            Assignment operator
            Available for R/W operations
            When reading, if the key does not exist in memory, it will be queried from cache if available, 
            </summary>
            <param name="key">
            The key used to store to/retrieve data from.
            </param>
            <returns>
            The data that was read in case of an read operation
            </returns>
            <exception cref="T:ThomsonReuters.Eikon.Integration.StorageException">
            Thrown if :
            - Trying to read a non-existing key
            - I/O failure
            </exception>
        </member>
        <member name="T:ThomsonReuters.Eikon.Integration.UserQuotas">
            <summary>
            A structure representing the user's storage quotas.
            </summary>
        </member>
        <member name="P:ThomsonReuters.Eikon.Integration.UserQuotas.MaxEntries">
            <summary>
            Gets or sets the maximum entries count (directories + files) the user is entitled to.
            </summary>
        </member>
        <member name="P:ThomsonReuters.Eikon.Integration.UserQuotas.MaxSize">
            <summary>
            Gets or sets the maximum data storage size the user is entitled to.
            </summary>
        </member>
        <member name="P:ThomsonReuters.Eikon.Integration.UserQuotas.CurrentEntriesCount">
            <summary>
            Gets or sets the current entries count (directories + files) the user has in its storage.
            </summary>
        </member>
        <member name="P:ThomsonReuters.Eikon.Integration.UserQuotas.CurrentSize">
            <summary>
            Gets or sets the current data size the user has in its storage.
            </summary>
        </member>
        <member name="T:ThomsonReuters.Eikon.Integration.IStorageEntry">
            <summary>
            Represents an entry in the App storage.
            </summary>
        </member>
        <member name="P:ThomsonReuters.Eikon.Integration.IStorageEntry.Name">
            <summary>
            Gets or sets the name of this entry.
            </summary>
        </member>
        <member name="P:ThomsonReuters.Eikon.Integration.IStorageEntry.Size">
            <summary>
            Gets or sets the size of the entry, in bytes.
            </summary>
        </member>
        <member name="P:ThomsonReuters.Eikon.Integration.IStorageEntry.DateCreated">
            <summary>
            Gets or sets the date and time the entry was created on the storage.
            </summary>
        </member>
        <member name="P:ThomsonReuters.Eikon.Integration.IStorageEntry.DateModified">
            <summary>
            Gets or sets the date and time the entry was last modified on the storage.
            </summary>
        </member>
        <member name="T:ThomsonReuters.Eikon.Integration.StorageException">
            <summary>
            Class used to represent exceptions thrown during calls to storage API
            </summary>
        </member>
        <member name="M:ThomsonReuters.Eikon.Integration.StorageException.#ctor(System.String)">
            <summary>
            Initializes a new instance of the <see cref="T:ThomsonReuters.Eikon.Integration.StorageException"/> class.
            </summary>
            <param name="message">
            The exception message.
            </param>
        </member>
        <member name="T:ThomsonReuters.Eikon.Integration.StorageResult">
            <summary>
            Base class for asynchronous result from <see cref="T:ThomsonReuters.Eikon.Integration.IStorage"/> Async calls
            </summary>
        </member>
        <member name="P:ThomsonReuters.Eikon.Integration.StorageResult.Succeeded">
            <summary>
            Gets or sets a value indicating whether the request succeeded.
            </summary>
        </member>
        <member name="P:ThomsonReuters.Eikon.Integration.StorageResult.ErrorMessage">
            <summary>
            Gets or sets the error message.
            </summary>
        </member>
        <member name="T:ThomsonReuters.Eikon.Integration.IoResult">
            <summary>
            Event data for an I/O operation
            </summary>
        </member>
        <member name="P:ThomsonReuters.Eikon.Integration.IoResult.Failed">
            <summary>
            Gets or sets the list of keys for which the I/O operation failed.
            </summary>
        </member>
        <member name="T:ThomsonReuters.Eikon.Integration.LoadResult">
            <summary>
            Event data for a load operation
            </summary>
        </member>
        <member name="P:ThomsonReuters.Eikon.Integration.LoadResult.Loaded">
            <summary>
            Gets or sets list of loaded data.
            </summary>
        </member>
        <member name="T:ThomsonReuters.Eikon.Integration.GetQuotasResult">
            <summary>
            Event data for a quota request.
            </summary>
        </member>
        <member name="P:ThomsonReuters.Eikon.Integration.GetQuotasResult.Quotas">
            <summary>
            Gets or sets the quotas.
            </summary>
        </member>
        <member name="T:ThomsonReuters.Eikon.Integration.GetStorageEntriesResult">
            <summary>
            Event data for a storage listing request
            </summary>
        </member>
        <member name="P:ThomsonReuters.Eikon.Integration.GetStorageEntriesResult.Entries">
            <summary>
            Gets or sets the listing.
            </summary>
        </member>
        <member name="T:ThomsonReuters.Eikon.Integration.IsSelectedChangedEventArgs">
            <summary>
            Event to notify application when the app is selected
            </summary>
        </member>
        <member name="M:ThomsonReuters.Eikon.Integration.IsSelectedChangedEventArgs.#ctor(System.Boolean)">
            <summary>
            Event to notify application when the app is selected
            </summary>
            <param name="isSelected"></param>
        </member>
        <member name="P:ThomsonReuters.Eikon.Integration.IsSelectedChangedEventArgs.IsSelected">
            <summary>
            True if the app is selected by the user, false otherwise. 
            </summary>
        </member>
        <member name="T:ThomsonReuters.Eikon.Integration.IsActivatedChangedEventArgs">
            <summary>
            Event to notify application when the app is activated
            </summary>
        </member>
        <member name="M:ThomsonReuters.Eikon.Integration.IsActivatedChangedEventArgs.#ctor(System.Boolean)">
            <summary>
            Event to notify application when the app is activated
            </summary>
            <param name="isActivated"></param>
        </member>
        <member name="P:ThomsonReuters.Eikon.Integration.IsActivatedChangedEventArgs.IsActivated">
            <summary>
            True if the app is activated, false otherwise.
            </summary>
        </member>
        <member name="T:ThomsonReuters.Eikon.Integration.IUserInterface">
            <summary>
            Interface to interact with user interface
            </summary>
        </member>
        <member name="P:ThomsonReuters.Eikon.Integration.IUserInterface.IsSelected">
            <summary>
            Interface to notify if the app is selected
            </summary>
        </member>
        <member name="E:ThomsonReuters.Eikon.Integration.IUserInterface.IsSelectedChanged">
            <summary>
            Interface to notify if the app is selected
            </summary>
        </member>
        <member name="P:ThomsonReuters.Eikon.Integration.IUserInterface.IsActivated">
            <summary>
            Interface to notify if the app is Activated
            </summary>
        </member>
        <member name="E:ThomsonReuters.Eikon.Integration.IUserInterface.IsActivatedChanged">
            <summary>
            Interface to notify if the app is Activated
            </summary>
        </member>
    </members>
</doc>
